Passes,Coherence Scores,Perplexity Scores
1,-4.822257000292704,-10.906870050945368
5,-3.8266203962495844,-10.70432553775101
