N Topics,Coherence Scores,Perplexity Scores
2,-3.4018445915144166,-9.655170403880012
5,-3.3139281777655727,-9.519575991967228
